state,pop_total,pop_growth,pop_density,pop_urban,pop_children,pop_elderly,pop_citizen,pop_female,pop_hs,pop_college,pop_white,pop_black,pop_hispanic,pop_native,pop_asian,pop_pacific,pop_two,econ_poverty,econ_income,econ_ineq,econ_homeless,econ_unemp,econ_cost,econ_gsp,econ_corptax,econ_taxes,econ_spending,enviro_air,enviro_temp,enviro_area,enviro_human,enviro_worried,enviro_reg,vote_clinton,vote_trump,vote_turnout16,vote_turnout18,vote_registered,vote_id,vote_mail,poll_trump,poll_dem,poll_rep,poll_class,party_gov,party_senate,party_house,party_ag,culture_relig,culture_lgbt,culture_ios,culture_football,crim_prison,crim_race,crim_disen,crim_penalty,crim_murders,gun_owners,gun_count,gun_deaths,gun_reg,gun_carry,gun_purchase,gun_open,gun_score,blm_killings,blm_black,blm_race,blm_protests,blm_arrests,blm_injuries,blm_teargas,covid_cases,covid_rate,covid_deaths,covid_deathrate,covid_tests,covid_pos,covid_race,covid_open,covid_masks,covid_dist,covid_calls,health_life,health_exercise,health_vegan,health_weight,health_abort,health_deaths,health_heart,health_mental,health_suicide,ins_employer,ins_medicaid,ins_medicare,ins_none,ins_market,hp_medicaid,hp_medicare,hp_family,hp_sick,drugs_alc,drugs_alcrate,drugs_cigs,drugs_smokes,drugs_overdose,drugs_recpot,drugs_medpot
Alabama,4908620,2.57,96.9221,59.04,24,17,98,52,85.8,24.9,66,26,4,0,1,NA,2,17,48123,47.69,3261,3.5,89.3,221736,0.065,2262,5578,46.6,62.8,50645,46.193,52.015,67.757,34.36,62.08,58.8,46.9,69,2,1,53,35,50,-2,0,0,0,0,77,2383.562,71.27,254352376,23724,3.3,7.62,2,12.2,48.9,161641,21.8,0,1,0,1,0,345,43.7,1.7,64,12.3,7,26.7,109004,2230,1925,39,1177779,2,1.01,81,3,-11,504,75.5,49.8,0,69.7,5899,918.1,224.7,21.4,16.5,47,20,16,10,0,5567,9723,0,0,2.01,5,5.51,19.2,16.6,0,0
Alaska,734002,2.81,1.2863,66.02,27,12,97,49,92.7,29.2,60,3,7,16,6,1,7,11,73181,41.74,1907,5.6,129.9,54734,0.094,2226,14016,29.1,26.6,570641,47.609,56.442,68.737,36.55,51.28,61,54.5,67.7,1,1,50,31,52,-2,0,0,0,NA,45,2861.0276,74.07,0,1905,3.8,2.61,0,7.5,61.7,15824,21,0,0,0,1,0,67,11.3,3.8,29,0,0,0,4309,584,28,4,334864,0,1.17,96,0,17,10,78.8,63.1,0,64.2,1334,700.3,129.7,20.5,24.4,48,21,9,12,0,2053,741,0,0,2.94,7.4,9.79,19.1,14.6,1,1
Arizona,7378490,15.15,64.9549,89.81,24,18,93,51,86.8,28.9,54,4,32,4,3,0,2,14,56581,46.82,10007,5.5,97,348297,0.049,2272,5238,45.4,60.3,113594,51.541,59.557,70.923,45.13,48.67,54.9,46.9,68.6,3,1,41,40,42,0,0,0,0,0,53,3279.8039,62.12,94242023,40263,4.8,4.25,2,6.1,32.3,179738,15.3,0,0,0,1,0,497,9.2,2.3,56,6.8,4.5,28.6,194005,2705,4506,63,1380773,2,0.6,77,0,-25,"2,054",79.9,55.2,2.2,64.7,12655,669.2,136.4,19.2,19.2,44,22,16,11,0,12139,11069,0,1,2.31,5.7,8.05,14,23.8,0,1
Arkansas,3039000,4,58.403,56.16,25,17,97,51,86.2,22.6,72,15,8,1,2,0,3,17,45869,47.08,2717,4.8,86.9,128419,NA,3266,8519,43.1,60.4,52035,46.61,52.986,66.568,33.65,60.57,52.8,41,58.5,2,1,50,36,45,-1,0,0,0,0,70,2500.8226,68.25,101908655,18028,3.8,2.93,2,9.1,57.9,79841,18.9,0,0,0,1,0,190,33.1,2.2,36,3.7,3.7,71.4,53077,1761,603,20,636180,1,1.47,78,3,-4,217,76,51.6,0.3,70.5,3771,876.6,217.4,20.3,18.4,42,27,16,8,1,6436,5536,0,0,1.8,5.7,6.07,22.7,15.7,0,1
California,39937500,7.01,256.3728,94.95,24,14,87,51,82.9,33.3,37,5,39,0,15,0,3,13,71805,48.8,151278,5.3,151.7,2997733,0.0884,4424,6834,46,59.4,155779,59.158,67.42,74.444,61.73,31.62,56.5,48.3,61.5,0,2,29,51,30,2,1,1,1,1,49,4043.8185,66.23,248257825,129920,8.8,0.74,1,4.8,20.1,344622,7.5,1,1,1,0,4,2047,17.2,3.4,665,9.4,4.1,12.6,628031,1588,11242,28,9185787,1,0.52,22,3,-31,"13,110",81.3,56.9,4.3,62.2,NA,609,139.7,18.5,10.8,47,26,11,7,2,83875,64795,1,1,2.33,6.3,5.89,11.2,12.8,1,1
Colorado,5845530,15.79,56.4012,86.15,24,14,95,50,91.4,40.1,68,4,22,0,3,0,3,10,69117,45.9,9619,4.5,105.6,371750,0.0463,2599,6996,47.1,45.1,103642,53.04,60.301,71.856,48.16,43.25,70,60,65.6,1,2,37,46,37,1,1,1,1,1,47,3421.4177,66.7,81627641,19824,7.3,0.74,0,4.7,34.3,92435,15.2,0,1,0,0,2.33,362,10.7,2.7,96,5.4,4.1,21.1,53370,937,1896,33,779759,0,1.26,52,2,-10,"1,599",80.5,62,2.2,58.9,10114,651.4,124.3,21.5,21.8,52,18,12,8,2,9004,7013,0,0,2.81,8.9,5.65,14.5,16.8,1,1
Connecticut,3563080,-0.45,735.8695,87.99,22,17,93,51,90.5,38.9,66,10,17,0,5,NA,2,10,74168,49.47,3033,3.7,127.7,275727,0.075,5341,9282,45,49,4842,56.8,65.322,76.101,54.57,40.93,63.7,54.2,68,1,1,31,51,32,2,1,1,1,1,43,3115.2823,75.09,31743059,9626,9.4,0.61,0,2.8,16.6,82400,4.9,1,1,1,1,3.67,81,35.4,3.5,198,4,0,0,51267,1435,4456,125,771378,1,1.33,65,3,-17,"1,130",80.9,52.9,2.9,64.4,9938,644.2,142.1,19,10.5,54,21,14,5,2,8668,7410,1,1,2.45,6.4,9.52,12.2,30.7,0,1
Delaware,982895,9.26,504.3073,83.3,22,19,95,52,89.8,31.4,62,21,9,0,4,NA,3,12,62852,44.88,921,5.1,108.1,73481,0.087,4363,11235,46.4,55.3,1949,53.2,59.152,73.056,53.09,41.72,64.2,50.8,66.3,1,1,36,45,33,2,1,1,1,1,52,3459.1691,72.56,12038139,4066,4.8,2.12,0,6.8,5.2,4852,11.6,0,1,0,1,3,42,51.5,2.5,13,0,0,0,16536,1710,593,61,167445,1,1.22,59,3,-7,45,78.7,49.2,1.1,67.8,2785,757.2,159.1,20,11.4,50,21,17,6,0,2241,2004,0,0,3.72,6.6,6.35,16.5,43.8,0,1
District of Columbia,720687,19.11,11814.541,100,20,12,93,53,NA,NA,37,45,11,NA,4,NA,3,17,82372,NA,6521,6,NA,140661,NA,11331,NA,NA,NA,NA,61.332,70.604,79.318,NA,NA,60.4,42.4,77.6,0,2,NA,70,11,2,1,1,NA,1,53,NA,64.12,7557856,NA,NA,NA,0,NA,NA,NA,16.7,NA,NA,NA,NA,NA,44,93.8,2.1,64,6.7,0,25,13273,1890,597,85,376855,1,NA,NA,NA,-51,144,78.5,NA,14.9,55.8,1267,718.8,187,22.2,7.4,53,28,8,3,2,2813,1023,1,1,NA,10.6,NA,13.8,35.4,0,1
Florida,21993000,16.7,410.1259,91.16,21,21,91,52,88,29.2,53,15,26,0,3,0,2,13,52594,48.52,28328,4.3,97.9,1039236,0.0446,2158,3696,38.9,70.7,53625,52.022,59.324,72.498,47.82,49.02,64.5,53.6,62.7,2,1,41,42,39,0,0,0,0,0,54,3510.2078,70.47,307971680,98504,3.6,10.43,2,6.6,32.5,343288,12.9,0,1,0,0,1.67,980,35.2,2.3,229,8.4,1.1,17.6,570024,2676,9539,45,6938755,2,0.97,68,1,-25,"5,295",80.1,52.8,2.7,65.9,72023,657.9,143.1,17.4,15.1,40,18,17,13,0,23049,47697,0,0,2.65,4.8,6.3,14.5,22.8,0,1
Georgia,10736100,10.55,186.6726,75.07,26,14,94,52,86.7,30.7,52,31,10,0,4,0,2,14,56183,48.16,10443,4.2,89.2,592153,0.0575,2244,4889,48.2,63.5,57513,49.412,58.184,71.56,45.64,50.77,59.1,53.9,66.2,4,1,41,42,40,0,0,0,0,0,66,3315.9155,70.08,205561541,53094,3.2,3.23,2,7.7,31.6,190050,15.7,0,1,0,1,0,580,50.6,1.6,115,8.9,3.4,22.7,238861,2271,4727,45,1943347,2,0.82,73,1,-14,"1,417",77.7,52.3,1.4,67.2,31009,790.2,175.8,18.1,14.5,49,17,12,14,0,10896,15318,0,0,1.94,4.9,6.39,16.1,13.2,0,0
Hawaii,1412690,3.57,219.9424,91.93,23,19,92,51,91.8,32.5,21,2,10,NA,38,10,20,9,77765,43.69,6412,2.6,192.9,93798,0.064,5431,10699,21.2,70,6423,61.229,68.665,75.626,62.22,30.03,42.3,38.7,53.9,1,2,29,50,28,2,1,1,1,NA,47,3680.9208,71.42,12737691,3425,2.4,0.57,0,3.1,45.1,7859,4,1,1,1,1,3.67,64,1.7,0.9,20,0,0,NA,4839,341,40,3,199734,0,0.63,43,2,-38,252,82,61.9,4.2,59.5,2026,572.5,125.6,17.6,11.8,55,17,15,4,0,2260,2036,0,0,2.63,5.5,9.55,13.4,14.3,0,1
Idaho,1826160,16.26,22.097,70.58,27,16,97,50,90.6,26.9,82,1,13,1,2,NA,2,12,52225,44.57,2315,2.6,92.3,77052,0.0693,2764,4549,44.3,44.4,82643,47.608,54.434,68.239,27.49,59.26,59.2,48,60.6,2,1,53,31,53,-2,0,0,0,0,51,1971.3497,61.79,30674419,7752,4.7,1.89,2,2.3,56.9,49566,16.6,0,0,0,1,0,88,1.3,1.3,27,0,0,25,27942,1593,273,16,320490,2,1.1,90,0,9,156,79.4,58.8,0,64.1,1272,726.6,157.9,24.5,23.9,47,17,15,11,2,1919,2370,0,0,2.92,5.9,5.41,14.7,14.6,0,0
Illinois,12659700,-1.41,228.0246,88.49,24,15,93,51,88.9,34.1,61,14,17,0,6,0,2,12,62992,47.89,10199,4.6,94.5,865310,0.095,3128,5720,43.6,51.8,55519,54.58,61.235,75.559,55.83,38.76,62.2,50.8,67.8,0,1,33,50,33,2,1,1,1,1,51,3365.0086,66.72,166405751,41427,8.8,0.5,0,8,26.2,146487,10.9,0,1,1,0,3.67,407,59.2,4.2,211,3.3,1.3,4.8,209186,1642,7967,63,3895886,1,1.18,46,3,-10,"3,081",79.3,51.1,1.9,66.6,39856,716.9,163.9,18.1,11.3,54,19,13,7,0,22298,22520,0,0,2.32,6.4,11.5,15.5,21.3,0,1
Indiana,6745350,3.93,188.2809,72.44,25,16,97,51,88.6,25.9,79,9,7,0,2,NA,2,13,54181,44.94,5471,3.2,90,366801,0.055,2899,5021,47.5,51.7,35826,46.281,49.973,68.767,37.91,56.82,56.4,46,65.3,4,0,44,41,43,0,0,0,0,0,54,3394.9313,67.8,251650058,26001,4.8,0.59,2,7.4,33.8,114019,14.7,0,1,0,1,0.67,296,34.9,3.9,98,6.2,1.3,22.2,81006,1210,3135,47,1538623,1,1.18,72,3,-3,168,77.4,49.6,0.5,66.4,7957,832.7,180.7,22.5,16,54,18,15,8,0,11306,12042,0,0,2.17,5.2,5.97,21.1,25.6,0,0
Iowa,3179850,4.23,56.9284,64.02,25,17,96,51,92,28.2,86,3,6,0,3,NA,2,11,58570,44.22,2315,3.7,90.1,189702,0.12,3196,7426,37.6,47.8,55857,49.557,56.083,70.354,41.74,51.15,68.4,57.6,74,1,1,43,42,42,0,0,0,0,1,55,2735.9781,64.13,159646096,8999,11.1,2.17,0,2.7,33.8,28494,8.7,0,1,1,1,2,129,14.2,4.7,77,3.1,1.6,23.5,52829,1674,987,31,780233,1,2.06,92,0,8,304,79.6,51.5,0.3,69.5,3989,723.9,165.1,19.9,15.5,54,19,15,5,0,4916,5224,0,0,2.4,7.2,6.29,16.6,9.6,0,0
Kansas,2910360,1.82,35.5968,74.2,26,16,96,51,90.7,32.9,76,5,12,1,3,NA,3,12,56422,45.55,2381,3.1,89,168318,0.07,3279,5473,42.8,54.3,81759,47.872,55.859,68.878,36.05,56.65,57.7,50.8,71.5,4,1,48,34,48,-2,1,0,0,0,55,2508.2808,68.28,116322085,9687,7,0.8,2,5.9,32.2,52634,14.8,0,0,0,1,0,189,15.9,3.2,46,8.6,5.9,37.5,35167,1208,405,14,530040,1,1.34,86,3,-1,198,78.6,51.8,0.3,68.6,6931,771.3,158.9,19.6,19.2,55,14,14,9,0,3465,4828,0,0,1.92,5.5,5.83,17.3,12.4,0,0
Kentucky,4499690,3.48,113.9566,58.38,24,16,98,51,85.7,23.6,85,8,4,0,1,NA,2,17,48375,47.41,4079,5.8,90.9,208088,0.05,2699,7633,46.1,55.6,39486,45.148,49.185,66.734,32.68,62.52,58.6,47.4,73.5,1,1,51,41,45,0,1,0,0,0,63,2600.1791,67.67,119931278,23539,3.3,9.14,2,6.1,42.4,81058,16.9,0,1,0,1,0,217,19.2,2.4,101,9.6,8.2,30,39691,888,818,18,742441,1,1.09,52,3,-11,264,75.9,47.5,0.2,68.5,3188,920,198.3,22.1,17.4,47,26,15,6,1,9830,8768,0,0,1.98,5,5.4,23.4,30.9,0,0
Louisiana,4645180,2.21,107.5174,73.19,25,15,98,52,84.8,23.7,59,32,5,1,2,NA,2,19,46145,49.03,2941,6.9,93.9,257288,0.08,2437,6707,40.4,66.4,43204,46.797,54.975,67.589,38.45,58.09,60,43.4,68,2,0,49,40,43,0,1,0,0,0,71,2992.3491,75.73,150738822,33706,4,3.04,2,13.3,44.5,116831,21.4,0,1,0,1,0,307,61,1.9,72,9.8,3.9,9.1,138485,2972,4526,97,1654834,2,1.17,54,3,-18,927,76,50.5,1,69.4,9362,870.9,212.2,20.6,15.1,42,29,13,8,0,10971,9123,0,0,2.59,6.9,5.44,20.5,25.4,1,1
Maine,1345790,1.37,43.6336,38.66,19,21,98,51,92.3,30.9,93,1,2,0,1,NA,2,11,56277,45.15,2106,3.2,117.5,64856,0.0893,3295,6281,36.5,41,30843,51.236,57.286,72.532,47.83,44.87,70.7,58.8,78.4,0,1,42,47,39,1,1,1,1,NA,34,3938.2073,72.03,8072358,1795,6,0,0,0,22.6,15371,10.3,0,0,0,1,0,57,3.8,3.8,61,4.3,0,5.9,4213,315,127,9,186968,0,16.77,71,3,18,252,NA,54.9,4.6,65.7,1836,753.9,147,20.8,18.4,48,18,17,8,0,2774,2791,0,0,2.81,6.5,7.37,17.8,27.9,0,1
Maryland,6083120,5.09,626.6735,87.2,23,15,93,52,90,39.6,50,29,10,0,6,NA,3,9,80776,45.13,6561,3.3,129.7,412584,0.0825,3711,7256,47,54.2,9707,58.027,65.415,76.566,60.33,33.91,66.4,53.5,72.3,0,1,30,56,28,2,0,1,1,1,54,3254.9087,69.19,59487844,19232,4.7,0.46,0,9.3,20.7,103109,11.7,1,1,1,1,3.67,256,64.6,2.2,87,3.4,0,0,101235,1675,3650,60,1784753,1,1.09,60,3,-19,"1,898",79.6,50.9,2.1,66.5,NA,714.1,161.9,17,10.1,56,19,13,6,2,11497,10857,0,1,2.15,5.1,7.75,12.5,37.2,1,1
Massachusetts,6976600,6.25,894.4359,91.97,21,17,92,51,90.4,42.9,71,7,12,0,7,NA,3,10,77385,48.26,18471,2.9,131.6,569488,0.08,4296,8300,41.4,47.9,7800,58.871,66.465,77.304,60.01,32.81,67.2,53.7,68,0,1,27,57,26,2,0,1,1,1,33,4242.7544,74.56,66861883,8286,7.5,0.21,0,2.3,22.6,37152,3.5,0,1,1,1,3.67,116,26,3.7,201,3.8,1.3,4.7,123842,1794,8842,128,1901926,1,1.31,60,3,-19,"1,495",80.7,55.3,3.3,61.6,18570,670.6,131.5,21.2,9.9,55,23,13,3,2,17837,14152,1,1,2.57,7.1,9.95,13.4,32.8,1,1
Michigan,10045000,1.7,177.665,74.57,23,17,97,51,90.5,28.6,75,14,5,0,3,NA,3,14,54909,46.48,8575,4.1,88.9,527096,0.06,3052,5671,42.5,44.4,56539,53.1,56.919,73.403,47.27,47.5,64.7,56.5,73.4,2,1,40,45,38,1,1,0,0,1,53,3096.0677,65.38,249471749,39666,6.6,0.57,0,6.5,28.8,65742,12.9,1,1,0,1,2,370,42.7,3.1,198,4.8,3.4,6.8,102749,1029,6592,66,2541370,1,1.75,54,3,-4,"2,616",78.2,51.5,0.8,67.5,27151,782.3,195,19.1,15,51,22,15,5,0,16441,20970,0,0,2.34,5.7,8,18.9,26.6,0,1
Minnesota,5700670,7.34,71.5922,73.27,24,16,96,50,93,35.4,80,6,5,1,5,NA,3,10,68388,44.9,7977,3.1,101.6,368852,0.098,4758,7103,38.3,41.2,79627,51.979,58.356,71.896,46.44,44.92,74.1,63.8,74.9,0,1,37,47,37,2,1,0,1,1,49,3069.8146,69.05,81229274,10708,11,1.51,0,2.3,36.7,79307,7.8,0,1,1,1,2.33,163,19.7,3.3,97,11.5,1.3,36.8,65716,1171,1758,31,1357850,1,3.15,61,2,-7,"1,020",81,54.8,0.6,65.8,9861,648,119,19.3,13.1,57,18,14,4,2,12708,8801,0,0,2.77,5.6,8.1,15.1,11.5,0,1
Mississippi,2989260,0.63,63.7056,49.35,26,16,99,52,83.9,21.8,57,38,3,0,1,NA,1,20,43529,47.99,1184,5.3,86.1,114834,0.05,2642,6592,43.7,63.4,46923,47.162,54.659,69.169,40.11,57.94,55.2,42.7,73.4,4,0,48,38,45,-1,0,0,0,1,77,2642.7945,73.35,115515992,18471,3,9.63,2,13.4,42.8,35494,22.9,0,0,0,1,0,218,45.6,1.2,38,0,2.9,0,73207,2451,2158,72,492898,2,1.11,63,3,-9,224,74.9,51.8,0.3,73.3,2613,934.8,222.1,19.5,13.7,43,23,14,12,0,5295,6053,0,0,2.23,4.7,6.34,20.5,10.8,0,0
Missouri,6169270,2.89,89.7453,70.44,24,17,98,51,89.6,28.6,80,11,4,0,2,0,3,13,53578,46.32,6179,4.5,87.1,318921,0.04,2126,4253,44,54.5,68742,49.071,54.968,69.015,38.14,56.77,62.2,53.3,72.3,1,1,47,38,45,-1,0,0,0,NA,60,2917.6872,64.99,73017743,32592,4.1,1.91,2,11.4,27.1,72995,21.5,0,0,0,1,0,433,38,3.5,96,3.9,2.6,18.8,68623,1120,1396,23,769998,1,1.58,90,0,0,490,77.6,53,0.8,66.9,4765,823.2,188.4,21.4,19.5,52,15,16,9,0,10087,11638,0,0,2.49,5.4,5.25,19.4,27.5,0,1
Montana,1086760,9.69,7.4668,55.89,23,19,99,50,93.2,31.2,86,0,4,6,1,NA,3,12,53386,45.87,1357,3.5,106.9,50327,0.0675,2772,6554,39.6,42.7,145546,45.17,53.93,69.017,35.75,56.17,61.8,60.7,71.3,1,1,52,37,51,-2,1,0,0,0,48,2208.3993,64.92,23113030,3698,6.3,0.51,2,4.2,52.3,22133,17.3,0,0,0,1,0,69,0,NA,32,3.8,0,0,5847,550,84,8,222216,0,NA,64,3,12,66,78.6,57,1.9,63.2,1611,720.2,163.2,20,24.9,44,21,17,8,0,1855,1605,0,0,3.11,7.9,6.46,18,12.2,0,1
Nebraska,1952570,6.72,25.4161,73.13,26,16,96,50,91.1,31.3,79,4,11,1,2,NA,3,11,59970,44.2,2365,4.2,90.8,123978,0.0781,2795,6305,37,48.8,76824,46.011,54.043,68.103,33.7,58.75,62.8,50.9,66.3,0,1,49,35,50,-2,0,NA,NA,0,54,2816.8004,63.97,106109382,5257,8.4,1.23,2,1.9,19.8,22234,9,0,1,1,1,2,94,19,4.8,37,18.8,18.8,40,30563,1584,362,19,494146,2,1.47,85,1,-4,100,79.6,55,0.9,68.9,2004,717.4,145.7,18.1,13.4,55,13,14,8,0,2175,3042,0,0,2.23,6.3,6.23,16,7.4,1,0
Nevada,3139660,16.18,28.5993,94.2,24,16,90,50,86.3,24.2,49,9,29,1,8,1,4,13,58003,45.22,7169,6.3,108.5,169310,0,3018,4711,42.1,49.9,109781,53.054,59.996,71.575,47.92,45.5,57.4,46.3,61.8,0,2,42,42,39,0,1,1,1,1,49,4045.024,67.83,20479158,13671,4.1,4.02,2,7.7,37.5,76888,17.9,0,1,0,1,2.33,195,20.4,2.3,21,46.7,37.5,83.3,62171,2049,1105,36,747349,2,0.62,58,3,-21,"3,366",78.4,52.1,2.1,67.6,7116,741.1,190.7,20.7,20.8,48,19,14,11,2,3940,4695,0,0,3.46,5.9,6.15,15.7,21.2,0,1
New Hampshire,1371250,4.14,153.161,60.3,20,18,98,50,92.9,36.5,90,1,4,NA,3,NA,2,7,73381,43.44,1396,2.6,109.7,84464,0.077,2153,4530,38.9,43.8,8953,52.9,58.773,72.991,46.98,46.61,71.4,53.3,70.8,1,1,42,43,40,0,0,1,1,NA,33,3719.2343,71.56,10695023,2750,5.2,0.28,0,1.8,14.4,64135,10.8,0,0,0,1,0,37,0,0,40,6.7,0,0,7004,516,423,31,263467,0,4.55,54,1,1,264,80.1,56.9,3.9,65,NA,712.7,151,20.6,19.3,57,14,17,5,0,2162,2431,0,0,4.76,7.1,6.64,15.6,35.8,0,1
New Jersey,8936570,1.56,1215.1985,94.68,23,16,90,51,89.5,38.9,55,13,21,0,10,NA,2,9,80088,47.82,8862,3.8,125.1,622003,0.1005,3970,6839,44.1,52.7,7354,58.466,66.02,77.26,54.99,41,64.4,52.2,68.6,0,2,34,48,33,2,1,1,1,NA,55,3222.713,73.16,38946563,19585,12.2,1.36,0,3.7,11.3,57505,4.8,1,1,1,0,4,213,52,4,142,1.7,0.9,0,187767,2108,15916,179,1956144,0,0.84,67,3,-27,"3,458",80.5,50.3,2.4,62.3,22991,672.5,163,16.1,8.3,57,17,13,7,1,15047,18437,1,1,2.34,5.1,8.2,13.1,33.1,0,1
New Mexico,2096640,1.55,17.285,77.43,24,18,94,51,85.3,27.1,37,2,49,9,2,NA,2,20,46744,47.54,3241,5.9,87.5,100297,0.059,2707,9777,42.1,53.4,121298,53.639,61.56,71.324,48.26,40.04,54.5,46.5,61.7,0,1,35,48,34,2,1,1,1,1,57,3434.0659,65.63,21733505,7189,6.4,1.53,2,10.8,49.9,97580,20.7,0,1,0,1,0,229,2.6,1.3,45,15.2,6.1,42.9,23500,1122,718,34,617115,0,1,31,3,-18,224,78.4,60.8,1.9,67.2,4669,748.7,148.2,19.1,25,37,33,15,9,1,5132,3126,0,0,2.27,5.6,7.67,15.2,26.7,0,1
New York,19440500,0.21,412.5218,87.87,22,16,90,52,86.5,35.9,55,14,19,0,9,NA,3,14,64894,51.02,92091,4.5,139.1,1668866,0.065,4531,8384,40.4,45.4,47126,57.382,68.816,78.528,59.01,36.52,56.8,44.8,62.5,0,0,30,52,29,2,1,1,1,1,46,4115.1205,72.6,107629177,49360,8,0.63,0,3.2,10.3,76207,4.1,1,1,1,0,3.67,326,46.2,3.3,688,5.9,3.6,1.8,195458,1754,8906,80,7263469,1,NA,46,3,-28,"6,510",81,50.8,4.4,62.7,93096,626.7,171.9,18.2,8.3,49,26,13,5,2,74797,39926,1,1,2.22,5.7,12.85,12.8,18.4,0,1
North Carolina,10611900,10.84,218.271,66.09,24,16,95,52,87.4,30.5,63,21,10,1,3,0,3,14,52752,47.48,9314,4.4,94.9,563691,0.025,2683,4800,46.5,59,48618,51.188,57.653,71.795,46.17,49.83,64.5,48.2,69.3,0,1,40,44,39,0,1,0,0,1,65,3006.0592,66.08,234090249,35283,4.3,1.18,2,6.4,28.7,152238,13.3,0,1,1,1,1,383,44.4,2.1,161,6.6,1.7,26.9,145516,1401,2348,23,1796511,1,0.84,53,2,-12,"1,885",78.1,53,0.6,68,27631,770.1,155.5,18.8,13.7,47,18,15,11,0,13576,17640,0,0,2.13,5.1,5.45,17.4,22.4,0,0
North Dakota,761723,12.9,11.0393,59.9,24,15,97,49,92.5,29.5,84,3,4,5,2,NA,2,10,61843,45.86,557,2.2,98.8,56082,0.0431,5533,7768,37,40.4,69001,39.903,48.885,64.979,27.23,62.96,60.8,57.9,73.4,3,1,57,28,56,-2,0,0,0,0,53,2100.5011,68.99,16696776,1711,5.2,0.37,0,2.5,47.9,13272,11.5,0,1,1,1,0,29,4.3,1.4,16,0,0,25,8782,1155,128,17,402035,0,NA,82,0,-1,24,79.7,52.7,0,71,1166,690.3,140,19.1,18.8,57,12,13,8,0,1231,1105,0,0,3.26,6.9,5.33,19.1,10.2,0,1
Ohio,11747700,1.81,287.504,77.92,23,17,98,51,90.1,27.8,79,12,4,0,2,NA,3,14,54021,46.41,10345,5.5,90.8,675905,0,2492,5968,48.2,50.7,40861,50.037,53.424,70.992,43.56,51.69,62.9,50.2,70.2,3,1,45,41,42,0,0,0,0,0,58,3311.2865,67.1,215094667,51478,5.6,0.59,2,6.8,19.6,173405,13.1,0,1,0,1,1,467,39.3,3.3,202,7,3.5,18.4,109062,933,3832,33,1796293,1,1.94,82,3,-10,"2,910",77.6,49.7,1,68.4,20976,838.4,191.1,21.4,15.2,52,21,15,6,0,21934,23274,0,0,2.04,5.5,6.03,20.5,35.9,0,1
Oklahoma,3954820,5.19,57.6546,66.24,26,16,96,51,87.8,25.2,65,7,11,8,2,0,7,15,50051,46.52,3944,3.1,87,202554,0.06,2425,5753,43.5,59.6,68595,46.217,51.636,65.134,28.93,65.32,52.3,41.9,65.1,1,1,53,35,49,-2,0,0,0,0,66,2857.2729,58.63,176118808,27729,4.5,1.98,2,7,31.2,71269,16.8,0,1,0,1,0,377,22.1,3.2,41,14.7,5.9,40,52468,1331,665,17,394183,1,0.99,93,0,-8,459,75.8,53.2,0.3,69.6,4709,893.2,228.5,20.4,20,46,18,15,14,0,4762,6935,0,0,1.88,6.4,6.29,19.7,18.4,1,1
Oregon,4301090,12.08,44.8086,81.03,22,18,95,51,90.4,32.9,75,2,13,1,5,0,4,12,60212,46.12,15876,3.3,134.2,239783,0.076,3017,9714,36.1,48.4,95988,53.811,59.836,71.983,50.07,39.09,66.2,59.7,72.5,0,2,36,49,36,2,1,1,1,1,48,4254.7354,63.99,119741825,15200,5.6,0.47,1,2.5,26.6,61383,11.7,0,1,0,1,2.33,181,6.2,3.1,125,9.8,0,18.4,24582,587,396,9,790805,0,1.84,57,3,-12,803,79.6,56.5,5.5,64.1,8610,689.8,128.4,22.4,19,48,22,16,7,1,8923,6506,1,1,2.75,7.7,5.69,15.6,12.6,0,1
Pennsylvania,12820900,0.86,286.5454,78.66,22,18,97,51,90.2,30.8,76,10,8,0,4,NA,2,12,59195,46.8,13199,6,101.7,783168,0.0999,3179,6633,45.6,48.8,44743,51.63,58.907,73.265,47.46,48.18,63.6,51.4,68.3,0,1,42,46,41,0,1,0,0,1,53,3244.702,67.86,236791945,48074,8.9,0.52,1,6.4,27.1,236377,12.5,0,1,0,1,2.33,395,36.1,3.6,470,3.6,2.4,5.3,124844,975,7468,58,2138593,1,1.26,64,3,-10,"6,175",78.6,51.3,2.8,65.9,31818,759.7,176.1,18.2,14.9,52,20,16,6,1,30003,27985,0,0,2.36,5.5,6.85,17,36.1,0,1
Rhode Island,1056160,0.21,1021.4313,90.73,20,17,95,52,88,33.3,72,6,16,NA,3,NA,3,13,63870,47.38,1055,4.6,119.4,60588,0.07,3294,8752,43.7,50.1,1034,55.683,61.692,74.051,54.41,38.9,59.1,47,68,2,1,32,48,27,2,1,1,1,1,49,3597.9397,81.99,12573512,1808,8.3,0.4,0,0,5.8,4223,3.3,0,1,1,1,3.33,9,44.4,7.4,26,20,5.6,33.3,20572,1946,1023,97,419474,1,1.71,65,3,-15,108,79.9,49.7,3.8,64.6,2649,696.7,158.9,21.3,9.6,52,23,14,4,2,2630,2175,1,1,2.57,7.1,8.95,14.6,30.1,0,1
South Carolina,5210100,12.39,173.3176,66.33,23,18,97,52,87.1,27.4,64,26,6,0,2,NA,2,15,50570,46.9,4172,2.6,95.9,233930,0.05,2075,4968,44.8,62.4,30061,48.216,55.793,70.11,40.67,54.94,56.7,44,64.5,2,0,48,37,47,-2,0,0,0,0,70,2629.5081,69.24,168282132,19541,4.3,1.24,2,10.2,44.4,105601,17.6,0,1,0,0,0,298,40.6,1.6,64,8.6,5.3,6.3,106953,2104,2288,45,764577,2,1.28,76,2,-7,770,77,52.1,1,69.7,5778,821.6,167,18.3,15.5,45,19,16,10,0,6225,9369,0,0,2.22,6,5.85,18,22.6,0,0
South Dakota,903027,10.64,11.9116,56.65,26,16,98,50,91.7,28.5,82,2,4,9,1,NA,3,13,56521,44.38,995,3.3,99.8,52015,0,2174,5072,39.6,45.2,75811,46.751,54.851,68.651,31.74,61.53,58.6,52.8,67.3,2,1,54,35,52,-2,0,0,0,0,59,2214.7732,61.81,18144125,3959,4.8,1.61,2,3.9,35,21130,13.6,0,1,0,1,0,40,0,0,17,16.7,0,50,10360,1174,153,17,122962,0,4.68,96,0,23,48,79.4,51.8,0,67.8,444,715.9,156.3,17.5,19.2,52,13,15,9,0,875,1414,0,0,2.87,7.2,6.08,19,6.9,0,0
Tennessee,6897580,8.53,167.2749,66.39,24,16,97,52,87,26.6,74,17,5,0,2,NA,2,15,51340,47.86,7467,3.5,88.7,364105,0.065,2108,5049,47.5,57.6,41235,47.814,52.739,68.054,34.72,60.72,51.1,44.2,63.5,4,0,50,35,47,-2,0,0,0,NA,73,2638.6066,69.11,186017493,28980,3.7,8.26,2,9.2,39.4,99159,17.8,0,1,0,1,0.67,331,28.7,1.7,87,12.5,4.2,16.7,134744,1990,1387,20,820359,1,1.14,58,0,-8,"1,308",76.3,52.4,1.8,67.9,11411,889.7,202.4,18.3,16.6,47,21,15,10,0,9735,12506,0,0,2.14,4.9,5.3,20.7,27.5,0,0
Texas,29472300,16.76,112.8204,84.7,27,13,89,51,83.2,29.3,41,12,40,0,5,0,2,15,59206,48.03,25848,4.7,91.5,1802511,0,2102,4024,41,64.8,261232,51.835,60.079,69.192,43.24,52.23,51.4,45.6,63.3,2,0,39,38,41,0,0,0,0,0,64,2911.2082,68.77,553533154,157584,4,2.45,2,5.4,35.7,588696,12.2,0,1,0,1,0,1548,23.9,2,257,7.9,3.1,22,542950,1892,10034,35,4185116,2,1.36,45,3,-18,"4,662",78.8,54,1,69.5,53940,731.8,170,16.2,13.7,47,17,10,18,0,38199,41821,0,0,2.34,4.8,6.69,14.4,10.4,0,0
Utah,3282120,18.26,39.943,90.58,31,11,95,50,92,33.3,78,1,14,1,2,1,3,9,68358,42.61,2798,3.6,98.4,178138,0.0495,2543,4690,51.2,48.6,82170,47.099,54.871,68.408,27.46,45.54,56.8,49.8,68.4,1,2,48,29,56,-2,0,0,0,0,64,2437.449,64.51,107204473,6437,7.3,0.37,2,2.2,31.9,72856,13.2,0,1,0,1,1,140,8.2,8.2,34,3.6,0,16.7,47487,1502,365,12,971904,1,2,86,1,-6,460,79.8,55.5,1.7,62.1,3176,691.8,146.4,25.2,22.1,61,10,10,9,0,2450,3028,0,0,1.34,4.8,6.89,9,21.2,1,1
Vermont,628061,0.35,68.1416,38.9,19,20,98,51,92.6,37.3,93,1,2,0,2,NA,2,11,57513,44.35,1089,3.2,114.5,33256,0.085,5244,9089,38.5,42.9,9217,55.805,62.896,76.16,56.68,30.27,63.7,54.8,69,0,2,26,52,30,2,0,1,1,1,34,4139.7253,72.9,1411592,1126,10.5,0,0,0,28.8,5872,12.8,0,0,0,1,1.67,24,0,0,51,6.5,0,0,1527,244,58,9,151514,0,10.09,52,3,-3,20,80,64.4,1.7,61.1,1265,706.5,150.5,20.6,18.7,49,23,16,4,2,1597,1180,0,1,3.08,7.8,9.62,13.7,26.6,0,1
Virginia,8626210,7.51,218.4404,75.45,24,16,94,52,89.3,38.2,62,19,10,0,7,0,4,11,71535,46.73,5783,3.3,100.7,532893,0.06,2758,6126,45,55.1,39490,54.805,60.797,73.377,49.73,44.41,66.1,54.3,72,4,1,37,45,38,1,1,1,1,1,61,2979.2922,69.19,165850601,37158,5,7.81,2,5.1,29.3,307822,11.8,0,1,0,1,1,273,43.3,2.3,159,7,1.6,19.4,108283,1271,2397,28,1440110,2,1.03,69,2,-16,"1,976",79.4,54.1,0.6,66.3,18663,709.5,147.9,17.4,14,54,12,14,9,0,9623,12686,0,0,2.14,5.5,5.25,14.9,17.1,1,0
Washington,7797100,15.63,117.3273,84.05,23,16,92,50,91.1,35.3,68,4,13,1,9,1,5,10,70979,45.6,21577,5.1,110.7,565831,0,3527,6117,33.5,48.3,66456,55.322,61.678,72.704,52.54,36.83,64.7,57.4,73.7,1,2,34,49,34,2,1,1,1,1,45,3847.5844,64.76,139464596,19540,5.7,0.87,0,3.7,27.7,91835,10.4,1,1,0,1,3.33,338,16.1,4,182,6.9,3.9,7.4,67721,899,1785,24,1111947,1,1.11,42,3,-12,"1,694",80.3,55.6,3.8,63.3,17098,666.6,135.4,22.2,15.9,52,21,13,7,2,12193,10313,1,1,2.26,6.2,9.3,12,14.8,0,1
West Virginia,1778070,-4.11,73.9691,48.72,21,20,99,51,86.5,20.3,92,4,1,0,1,NA,2,18,43469,46.21,1397,6.1,91.1,77438,0.065,3000,9343,47.6,51.8,24038,39.225,45.094,64.61,26.43,68.5,50.2,41.7,64.5,1,1,61,40,44,0,0,0,0,0,69,3261.9638,65.88,48792082,7092,3.5,1.01,0,5.8,54.2,35264,18.2,0,0,0,1,0,115,14,3.5,30,0,0,0,8632,478,160,9,397000,0,2.11,65,2,-3,343,75.3,51,0.5,72,1516,953.8,196.4,23.8,21.1,44,26,19,6,0,3874,4221,0,0,1.76,4.5,5.43,25.2,51.5,0,1
Wisconsin,5851750,2.83,108.0496,70.15,23,17,97,51,91.9,29.5,81,6,7,1,3,0,2,11,59305,44.35,4538,3.4,97.3,336294,0.079,3224,8300,39.5,43.1,54158,52.537,55.438,72.833,46.45,47.22,69.5,61.4,72.8,4,1,41,43,41,0,1,0,0,1,45,2922.2028,64.47,98152069,22682,11.5,1.47,0,3.9,34.7,64878,10.1,0,1,0,1,1.67,222,29.7,5,105,3.8,2.6,21.7,70715,1216,1046,18,1635024,0,2.16,63,2,-1,923,NA,54.2,0.2,68.1,5660,723.3,157.8,19.3,14.8,57,17,15,6,0,8848,9827,0,0,2.98,7.3,8.82,16.4,19.2,0,0
Wyoming,567025,0.45,5.84,64.76,24,17,98,49,92.9,26.9,84,0,10,2,1,NA,2,11,60434,42.79,548,3.7,89.3,39119,0,3180,7661,45,42,97093,38.072,46.986,63.648,21.63,67.4,59.5,47.4,63.5,0,1,57,27,56,-2,0,0,0,NA,54,2645.386,58.94,13649998,2473,3.5,5.33,2,4.1,53.8,132806,21.5,0,0,0,1,0,36,0,NA,22,0,0,0,3331,577,33,6,104044,0,NA,85,1,18,12,78.8,59.5,0,64.4,NA,749.6,152.7,20.3,24.8,55,10,15,11,0,603,833,0,0,2.67,5.9,5.41,18.8,11.1,0,0